time,turn,kind,input_tokens,cache_write_tokens,cache_read_tokens,output_tokens,cost_usd,chars_rules,chars_stats,chars_npc,chars_recap,chars_recent,chars_input,chars_out_narrative,chars_out_other
2026-09-30T10:03:01.973Z,1,開場,2894,51663,0,774,0.142686,61014,5197,788,82,47,47,355,284
2026-09-30T10:03:13.805Z,1,失敗重試／重新生成,2894,0,51663,703,0.023151,61014,5197,788,82,47,47,0,560
2026-09-30T16:35:46.167Z,125,一般回合,8317,51970,0,1309,0.159649,61014,7827,3037,134,1761,33,0,1079
2026-10-03T17:00:16.754Z,126,一般回合,8413,51970,0,925,0.156001,61014,7821,3035,134,1854,38,0,722
2026-10-03T17:41:49.827Z,127,一般回合,8156,51970,0,1125,0.157487,61014,7850,3035,134,1702,35,0,961
2026-10-03T17:43:29.550Z,128,一般回合,7893,0,51970,1274,0.03892,61014,7473,3013,134,1677,35,0,1120
2026-10-03T17:44:15.368Z,129,一般回合,7630,613,51372,1279,0.039857,61014,7359,2879,134,1646,39,0,1128
2026-10-03T18:44:27.368Z,130,一般回合,7661,51985,0,1497,0.160255,61014,7382,2837,134,1652,44,0,1290
2026-10-03T18:45:27.807Z,131,一般回合,8145,598,51372,1399,0.042049,61014,7558,3104,134,1772,31,0,1165
2026-10-03T18:46:09.001Z,132,一般回合,8223,613,51372,1154,0.039793,61014,7836,2792,134,1735,46,0,987
2026-10-03T23:43:01.814Z,133,一般回合,8083,51985,0,1254,0.158669,61014,7742,2788,134,1728,38,0,1012
2026-10-03T23:44:17.587Z,134,一般回合,8124,0,51985,1161,0.038255,61014,7813,2788,134,1715,36,0,967
2026-10-03T23:45:41.412Z,135,一般回合,7888,0,51985,1029,0.036463,61014,7526,2788,134,1723,35,0,780
2026-10-03T23:47:01.928Z,136,一般回合,8013,0,51985,1103,0.037453,61014,7493,2788,134,1814,39,0,852